ac/dc,back in black
ac/dc,dirty deeds done dirt cheap
ac/dc,for those about to rock (we salute you)
ac/dc,hells bells
ac/dc,highway to hell
ac/dc,let there be rock
ac/dc,shoot to thrill
ac/dc,t.n.t
ac/dc,thunderstruck
ac/dc,whole lotta rosie
ac/dc,you shook me all night long
accept,balls to the wall
accept,fast as a shark
accept,metal heart
accept,princess of the dawn
accept,restless and wild
aerosmith,back in the saddle
aerosmith,dream on
aerosmith,rats in the cellar
aerosmith,sweet emotion
aerosmith,toys in the attic
alice cooper,billion dollar babies
alice cooper,i'm eighteen
alice cooper,poison
alice cooper,school's out
alice cooper,welcome to my nightmare
alice in chains,man in the box
alice in chains,rooster
alice in chains,them bones
alice in chains,we die young
alice in chains,would?
amorphis,black winter day
angel witch,angel of death
angel witch,angel witch
angel,the tower
annihilator,alison hell
anthrax,among the living
anthrax,antisocial
anthrax,armed and dangerous
anthrax,bring the noise
anthrax,caught in a mosh
anthrax,i am the law
anthrax,in my world
anthrax,madhouse
anthrax,only
anvil,metal on metal
armored saint,can you deliver
bad company,bad company
bathory,a fine day to die
black sabbath,after forever
black sabbath,black sabbath
black sabbath,children of the grave
black sabbath,children of the sea
black sabbath,die young
black sabbath,fairies wear boots
black sabbath,heaven and hell
black sabbath,hole in the sky
black sabbath,into the void
black sabbath,iron man
black sabbath,n.i.b
black sabbath,neon knights
black sabbath,paranoid
black sabbath,sabbath bloody sabbath
black sabbath,snowblind
black sabbath,supernaut
black sabbath,sweet leaf
black sabbath,symptom of the universe
black sabbath,the mob rules
black sabbath,the sign of the southern cross
black sabbath,the wizard
black sabbath,war pigs
blind guardian,imaginations from the other side
blind guardian,mirror mirror
blind guardian,nightfall
blue cheer,summertime blues
blue öyster cult,(don't fear) the reaper
blue öyster cult,astronomy
blue öyster cult,cities on flame with rock and roll
blue öyster cult,godzilla
bruce dickinson,tears of the dragon
budgie,breadfan
budgie,crash course in brain surgery
candlemass,a sorceror's pledge
cannibal corpse,hammer smashed face
carcass,heartwork
carcass,no love lost
celtic frost,circle of the tyrants
celtic frost,dethroned emperor
cream,sunshine of your love
cream,white room
danzig,mother
death,pull the plug
deep purple,black night
deep purple,burn
deep purple,child in time
deep purple,highway star
deep purple,hush
deep purple,knocking at your back door
deep purple,perfect strangers
deep purple,pictures of home
deep purple,smoke on the water
deep purple,space truckin'
deep purple,speed king
deep purple,stormbringer
def leppard,foolin'
def leppard,high 'n' dry (saturday night)
def leppard,let it go
def leppard,photograph
def leppard,pour some sugar on me
def leppard,rock of ages
dio,don't talk to strangers
dio,holy diver
dio,rainbow in the dark
dio,stand up and shout
dio,the last in line
dokken,kiss of death
dream theater,a change of seasons
dream theater,metropolis - part 1
dream theater,pull me under
emperor,i am the black wizards
emperor,thus spoke the nightspirit
entombed,left hand path
exodus,bonded by blood
exodus,the toxic waltz
faith no more,epic
faith no more,surprise! you're dead!
fastway,say what you will
fates warning,the apparition
fates warning,the ivory gate of dreams
fear factory,demanufacture
guns n' roses,mr. brownstone
guns n' roses,november rain
guns n' roses,paradise city
guns n' roses,rocket queen
guns n' roses,sweet child o' mine
guns n' roses,welcome to the jungle
halford,resurrection
halford,silent screams
helloween,eagle fly free
helloween,halloween
helloween,i want out
helloween,keeper of the seven keys
holocaust,death or glory
iced earth,a question of heaven
iced earth,dante's inferno
iced earth,something wicked (trilogy)
iggy and the stooges,search and destroy
in flames,episode 666
iron butterfly,in-a-gadda-da-vida
iron maiden,2 minutes to midnight
iron maiden,22 acacia avenue
iron maiden,aces high
iron maiden,be quick or be dead
iron maiden,can i play with madness
iron maiden,children of the damned
iron maiden,fear of the dark
iron maiden,flight of icarus
iron maiden,hallowed be thy name
iron maiden,iron maiden
iron maiden,killers
iron maiden,murders in the rue morgue
iron maiden,phantom of the opera
iron maiden,powerslave
iron maiden,revelations
iron maiden,rime of the ancient mariner
iron maiden,run to the hills
iron maiden,running free
iron maiden,seventh son of a seventh son
iron maiden,still life
iron maiden,stranger in a strange land
iron maiden,the evil that men do
iron maiden,the number of the beast
iron maiden,the prisoner
iron maiden,the trooper
iron maiden,wasted years
iron maiden,where eagles dare
iron maiden,wrathchild
jethro tull,aqualung
jimi hendrix experience,all along the watchtower
jimi hendrix experience,purple haze
jimi hendrix experience,voodoo child (slight return)
judas priest,beyond the realms of death
judas priest,breaking the law
judas priest,desert plains
judas priest,dissident aggressor
judas priest,electric eye
judas priest,exciter
judas priest,freewheel burning
judas priest,genocide
judas priest,grinder
judas priest,heading out to the highway
judas priest,hell bent for leather
judas priest,living after midnight
judas priest,love bites
judas priest,metal gods
judas priest,never satisfied
judas priest,painkiller
judas priest,rapid fire
judas priest,screaming for vengeance
judas priest,sinner
judas priest,the green manalishi (with the two-pronged crown)
judas priest,the ripper
judas priest,the sentinel
judas priest,tyrant
judas priest,victim of changes
judas priest,you've got another thing comin'
kansas,carry on wayward son
king diamond,abigail
king diamond,melissa
king diamond,welcome home
king's x,over my head
kiss,black diamond
kiss,creatures of the night
kiss,detroit rock city
kiss,deuce
kiss,god of thunder
kiss,i love it loud
kiss,i was made for loving you
kiss,lick it up
kiss,rock and roll all nite
kiss,she
kiss,shout it out loud
kiss,war machine
krokus,screaming in the night
kyuss,green machine
led zeppelin,achilles last stand
led zeppelin,black dog
led zeppelin,communication breakdown
led zeppelin,dazed and confused
led zeppelin,heartbreaker
led zeppelin,immigrant song
led zeppelin,kashmir
led zeppelin,misty mountain hop
led zeppelin,rock and roll
led zeppelin,stairway to heaven
led zeppelin,when the levee breaks
led zeppelin,whole lotta love
living colour,cult of personality
loudness,crazy night
lucifer's friend,ride the sky
machine head,davidian
machine head,ten ton hammer
manowar,battle hymn
manowar,blood of my enemies
manowar,blood of the kings
manowar,hail and kill
manowar,metal daze
marilyn manson,the beautiful people
mc5,kick out the jams
megadeth,angry again
megadeth,countdown to extinction
megadeth,hangar 18
megadeth,my last words
megadeth,peace sells
megadeth,symphony of destruction
megadeth,tornado of souls
megadeth,wake up dead
mercyful fate,a dangerous meeting
mercyful fate,come to the sabbath
mercyful fate,evil
mercyful fate,satan's fall
mercyful fate,the oath
meshuggah,future breed machine
metal church,anthem to the estranged
metal church,badlands
metal church,beyond the black
metal church,god of wrath
metal church,metal church
metallica,battery
metallica,blackened
metallica,creeping death
metallica,damage inc
metallica,disposable heroes
metallica,enter sandman
metallica,fade to black
metallica,fight fire with fire
metallica,for whom the bell tolls
metallica,harvester of sorrow
metallica,hit the lights
metallica,master of puppets
metallica,motorbreath
metallica,nothing else matters
metallica,one
metallica,orion
metallica,ride the lightning
metallica,sad but true
metallica,seek and destroy
metallica,the call of ktulu
metallica,the four horsemen
metallica,the thing that should not be
metallica,to live is to die
metallica,trapped under ice
metallica,welcome home (sanitarium)
metallica,whiplash
michael schenker group,assault attack
michael schenker group,lost horizons
ministry,jesus built my hotrod
monster magnet,powertrip
montrose,rock the nation
montrose,space station #5
motörhead,(we are) the roadcrew
motörhead,ace of spades
motörhead,bomber
motörhead,iron fist
motörhead,motörhead
motörhead,orgasmatron
motörhead,overkill
mountain,mississippi queen
mötley crüe,"girls, girls, girls"
mötley crüe,dr. feelgood
mötley crüe,kickstart my heart
mötley crüe,live wire
mötley crüe,looks that kill
mötley crüe,shout at the devil
mötley crüe,wild side
napalm death,suffer the children
nazareth,hair of the dog
nazareth,razamanaz
nevermore,dreaming neon black
nirvana,smells like teen spirit
overkill,the years of decay
ozzy osbourne,bark at the moon
ozzy osbourne,crazy train
ozzy osbourne,diary of a madman
ozzy osbourne,flying high again
ozzy osbourne,i don't know
ozzy osbourne,mr. crowley
ozzy osbourne,no more tears
ozzy osbourne,over the mountain
ozzy osbourne,s.a.t.o
ozzy osbourne,shot in the dark
ozzy osbourne,suicide solution
ozzy osbourne,you can't kill rock and roll
pantera,5 minutes alone
pantera,becoming
pantera,cemetary gates
pantera,cowboys from hell
pantera,domination
pantera,fucking hostile
pantera,hollow
pantera,i'm broken
pantera,mouth for war
pantera,revolution is my name
pantera,this love
pantera,walk
queensrÿche,eyes of a stranger
queensrÿche,i don't believe in love
queensrÿche,queen of the reich
queensrÿche,revolution calling
queensrÿche,suite sister mary
queensrÿche,take hold of the flame
quiet riot,cum on feel the noize
quiet riot,metal health (bang your head)
quiet riot,outlaw
quite riot,swords and tequila
rage against the machine,killing in the name
rainbow,gates of babylon
rainbow,kill the king
rainbow,long live rock 'n' roll
rainbow,man on the silver mountain
rainbow,stargazer
rainbow,tarot woman
ratt,lack of communication
ratt,lay it down
ratt,round and round
ratt,you're in love
rush,2112
rush,la villa strangiato
rush,limelight
rush,the spirit of radio
rush,tom sawyer
rush,working man
savatage,gutter ballet
savatage,hall of the mountain king
savatage,power of the night
savatage,sirens
saxon,747 (strangers in the night)
saxon,denim and leather
saxon,power and the glory
saxon,princess of the night
saxon,the eagle has landed
saxon,wheels of steel
scorpions,blackout
scorpions,no one like you
scorpions,pictured life
scorpions,rock you like a hurricane
scorpions,sails of charon
scorpions,still loving you
scorpions,the zoo
sepultura,arise
sepultura,attitude
sepultura,beneath the remains
sepultura,dead embryonic cells
sepultura,desperate cry
sepultura,inner self
sepultura,refuse/resist
sepultura,roots bloody roots
sepultura,territory
skid row,18 and life
skid row,monkey business
skid row,slave to the grind
skid row,youth gone wild
slayer,angel of death
slayer,at dawn they sleep
slayer,chemicl warfare
slayer,dead skin mask
slayer,hell awaits
slayer,mandatory suicide
slayer,post mortem
slayer,raining blood
slayer,seasons in the abyss
slayer,south of heaven
slayer,war ensemble
slipknot,*wait and bleed
soundgarden,jesus christ pose
soundgarden,outshined
soundgarden,rusty cage
stone temple pilots,sex type thing
suicidal tendencies,you can't bring me down
suicide nation,at the gates
tesla,"heaven's trail (no way out)"
tesla,edison's medicine
tesla,hang tough
tesla,love song
tesla,modern day cowboy
tesla,song and emotion
tesla,what you give
testament,disciples of the witch
testament,low
testament,practice what you preach
thin lizzy,cold sweat
thin lizzy,cowboy song
thin lizzy,don't believe a word
thin lizzy,emerald
thin lizzy,jailbreak
thin lizzy,rosin dubh (black rose) a rock legend
thin lizzy,the boys are back in town
thin lizzy,thunder and lightning
tool,"46 & 2"
tool,lateralus
tool,parabola
tool,schism
tool,sober
tool,vicarious
tool,Ænema
twisted sister,i wanna rock
twisted sister,under the blade
twisted sister,we're not gonna take it
twisted sister,you can't stop rock 'n' roll
tygers of pan tang,gangland
type o negative,love you to death
type o negative,christian woman
type o negative,"black no. 1 (little miss scare-all)"
type o negative,"wolf moon (including zoanthropic paranoia)"
ufo,lights out
ufo,love to love
ufo,rock bottom
ufo,too hot to handle
uriah heep,easy livin'
uriah heep,gypsy
uriah heep,july morning
uriah heep,look at yourself
uriah heep,the wizard
van halen,"ain't talkin' 'bout love"
van halen,and the cradle will rock
van halen,atomic punk
van halen,eruption
van halen,hot for teacher
van halen,jump
van halen,mean streets
van halen,panama
van halen,runnin' with the devil
van halen,unchained
vanilla fudge,"the sky cried/when i was a boy"
w.a.s.p.,chainsaw charlie
w.a.s.p.,i wanna be somebody
w.a.s.p.,mean man
w.a.s.p.,the idol
w.a.s.p.,wild child
warlock,all we are
white zombie,more human than human
white zombie,thunder kiss '65
whitesnake,here i go again
whitesnake,still of the night
whitesnake,slide it in
whitesnake,love ain't no stranger
whitesnake,crying in the rain
whitesnake,guilty of love
whitesnake,judgement day
witchfinder general,witchfinder general
y&t,mean streak
y&t,rescue me
y&t,i believe in you
y&t,forever
y&t,midnight in tokyo
y&t,black tiger
y&t,lipstick and leather
yngwie malmsteen,i am a viking
yngwie malmsteen,i see the light tonight
