38 special, back where you belong
38 special, caught up in you
38 special, chain lightnin'
38 special, fantasy girl
38 special, hold on loosely
38 special, if i'd been the one
38 special, like no other night
38 special, rockin' into the night
38 special, wild-eyed southern boys
blackberry smoke, ain't much left of me
blackberry smoke, good one comin' on
blackberry smoke, one horse town
blackberry smoke, rock and roll again
blackberry smoke, six ways to sunday
blackberry smoke, sleeping dogs
blackberry smoke, the whippoorwill
blackberry smoke, waiting for the thunder
blackfoot, baby blue
blackfoot, dry county
blackfoot, fly away
blackfoot, highway song
blackfoot, reckless abandoner
blackfoot, searchin'
blackfoot, train train
blackfoot, wishing well
chris stapleton, broken halos
chris stapleton, devil always made me think twice
chris stapleton, fire away
chris stapleton, maggie's song
chris stapleton, midnight train to memphis
chris stapleton, nobody to blame
chris stapleton, parachute
chris stapleton, starting over
chris stapleton, tennessee whiskey
chris stapleton, white horse
chris stapleton, you should probably leave
gov't mule,banks of the deep end
gov't mule,birth of the mule
gov't mule,blind man in the dark
gov't mule,brand new angel
gov't mule,broke down on the brazos
gov't mule,game face
gov't mule,mule
gov't mule,rockin' horse
gov't mule,soulshine
gov't mule,thorazine shuffle
gov't mule,time to confess
gov't mule,wandering child
lynyrd skynyrd, don't ask me no questions
lynyrd skynyrd, gimme three steps
lynyrd skynyrd, i know a little
lynyrd skynyrd, saturday night special
lynyrd skynyrd, simple man
lynyrd skynyrd, sweet home alabama
lynyrd skynyrd, that smell
lynyrd skynyrd, tuesday's gone
lynyrd skynyrd, what's your name
molly hatchet, bounty hunter
molly hatchet, dreams i'll never see
molly hatchet, edge of sundown
molly hatchet, fall of the peacemakers
molly hatchet, flirtin' with disaster
molly hatchet, it's all over now
molly hatchet, satisfied man
molly hatchet, the rambler
outlaws, cold and lonesome
outlaws, green grass and high tides
outlaws, hurry sundown
outlaws, just another sunday
outlaws, lover boy
outlaws, prisoner
outlaws, song for you
outlaws, there goes another love song
the allman brothers band, ain't wastin' time no more
the allman brothers band, blue sky
the allman brothers band, come and go blues
the allman brothers band, jessica
the allman brothers band, midnight rider
the allman brothers band, ramblin' man
the allman brothers band, southbound
the allman brothers band, whipping post
the charlie daniels band, boogie woogie fiddle country blues
the charlie daniels band, funky junky
the charlie daniels band, let it roll
the charlie daniels band, long haied country boy
the charlie daniels band, the devil went down to georgia
the charlie daniels band, the south's gonna do it again
the charlie daniels band, uneasy rider
the kentucky headhunters, dumas walker
the kentucky headhunters, gonna be alright
the kentucky headhunters, walk softly on this heart of mine
the marshall tucker band, can't you see
the marshall tucker band, fire on the mountain
the marshall tucker band, take the highway
the marshall tucker band, this ol' cowboy
whiskey myers, ballad of a southern man
whiskey myers, bar, guitar and a honky tonk crowd
whiskey myers, broken window serenade
whiskey myers, bury my bones
whiskey myers, die rockin
whiskey myers, frogman
whiskey myers, gasoline
whiskey myers, lightning bugs and rain
whiskey myers, stone
zz top, beer drinkers & hell raisers
zz top, cheap sunglasses
zz top, heard it on the x
zz top, i'm bad, i'm nationwide
zz top, la grange
zz top, pearl necklace
zz top, rough boy
zz top, tush